Quarter,Value of work done during quarter ;  Chain Volume Measures ;  New South Wales ;  New ;  Total Residential ;,Value of work done during quarter ;  Chain Volume Measures ;  New South Wales ;  New ;  Total Residential ;.1,Value of work done during quarter ;  Chain Volume Measures ;  Victoria ;  New ;  Total Residential ;,Value of work done during quarter ;  Chain Volume Measures ;  Victoria ;  New ;  Total Residential ;.1,Value of work done during quarter ;  Chain Volume Measures ;  Queensland ;  New ;  Total Residential ;,Value of work done during quarter ;  Chain Volume Measures ;  Queensland ;  New ;  Total Residential ;.1,Value of work done during quarter ;  Chain Volume Measures ;  South Australia ;  New ;  Total Residential ;,Value of work done during quarter ;  Chain Volume Measures ;  South Australia ;  New ;  Total Residential ;.1,Value of work done during quarter ;  Chain Volume Measures ;  Western Australia ;  New ;  Total Residential ;,Value of work done during quarter ;  Chain Volume Measures ;  Western Australia ;  New ;  Total Residential ;.1,Value of work done during quarter ;  Chain Volume Measures ;  Tasmania ;  New ;  Total Residential ;,Value of work done during quarter ;  Chain Volume Measures ;  Tasmania ;  New ;  Total Residential ;.1,Value of work done during quarter ;  Chain Volume Measures ;  Northern Territory ;  New ;  Total Residential ;,Value of work done during quarter ;  Chain Volume Measures ;  Australian Capital Territory ;  New ;  Total Residential ;,Value of work done during quarter ;  Chain Volume Measures ;  Australian Capital Territory ;  New ;  Total Residential ;.1
1980-09-01 00:00:00,4088764,3814964,1989332,1887469,2441909,2288416,447523,429910,1128290,1090740,266348,266840,173020,134753,133871
1980-12-01 00:00:00,4031912,3799237,1828875,1764553,2345220,2231782,429998,410493,1018430,974481,301181,279873,159208,147704,134002
1981-03-01 00:00:00,3575463,3894618,1500960,1667926,2172663,2548562,371163,405729,949397,1022381,218346,240093,139579,160347,172141
1981-06-01 00:00:00,3844366,3882976,1626414,1591926,2551300,2447961,373040,388711,1046267,1049542,228966,226367,146849,170831,176517
1981-09-01 00:00:00,3910040,3649102,1672899,1591675,2953227,2775027,351760,338093,1094516,1058868,239161,239840,170476,159730,158319
1981-12-01 00:00:00,3618266,3407774,1644336,1585461,2941229,2796721,417480,399332,1142394,1090879,200504,186142,169385,186249,169120
1982-03-01 00:00:00,3066083,3338520,1345544,1490140,2658575,3108706,380551,415111,1057772,1140231,168220,184956,109773,137529,147873
1982-06-01 00:00:00,2828220,2859250,1488079,1458342,2645871,2542445,385246,400540,1070391,1074163,175441,173498,128675,119027,122950
1982-09-01 00:00:00,2727259,2546359,1516362,1448944,2491664,2349906,426868,411655,974264,944720,153777,154321,143214,102376,101076
1982-12-01 00:00:00,2462603,2316212,1347224,1295905,2084091,1977491,412160,394441,872940,830306,127864,118725,134127,111318,101332
1983-03-01 00:00:00,1943748,2115854,1246413,1374496,1470438,1708444,331418,360794,630952,680961,134236,147386,122859,94975,102414
1983-06-01 00:00:00,1916955,1939493,1680179,1648337,1718864,1658674,370224,383673,691078,694797,164821,162951,136308,102992,106101
1983-09-01 00:00:00,2401177,2245634,1749907,1679750,1837077,1739470,489459,474257,733017,710038,177565,178330,159208,117485,115625
1983-12-01 00:00:00,2493643,2340958,1909524,1837105,1979640,1873604,505733,484418,866260,823269,217496,202384,180290,123036,112376
1984-03-01 00:00:00,2236502,2433166,1746546,1911064,1772148,2040728,492276,533987,848073,916193,189460,207317,118860,107618,116468
1984-06-01 00:00:00,2637407,2666997,2008374,1972427,2175839,2114153,595550,615353,928241,933388,217496,214828,151938,130128,133365
1984-09-01 00:00:00,2774629,2603875,2125822,2053519,2048391,1946006,621634,605273,1154120,1116369,238225,239660,161802,166322,163354
1984-12-01 00:00:00,2907682,2726620,2245993,2160626,2036747,1924000,648449,622632,1200661,1144429,272128,254041,172576,174190,159688
1985-03-01 00:00:00,2577974,2795354,2036252,2210333,1621791,1846179,635007,684919,977525,1051867,227580,247844,169867,184251,199981
1985-06-01 00:00:00,2693627,2722763,2164102,2127211,1832212,1796123,633682,652736,1101944,1112522,249480,246116,189115,190447,194241
1985-09-01 00:00:00,3031379,2858702,2261949,2194240,1943497,1851912,634249,621108,1137465,1093460,246867,248551,188942,202364,198228
1985-12-01 00:00:00,2941418,2757002,2278520,2198830,1966785,1853277,615058,592464,1168750,1121946,240467,225905,172484,222081,205118
1986-03-01 00:00:00,2407595,2596811,1872435,2016490,1510835,1701440,483544,517142,1085108,1163082,239093,258493,117050,200567,216772
1986-06-01 00:00:00,2516345,2542577,1981088,1945898,1593814,1577682,471928,486038,1110808,1122572,232656,229411,134069,228783,233276
1986-09-01 00:00:00,2525990,2395590,1947113,1896724,1538386,1467981,472122,464466,1126622,1077704,228142,229468,104005,202285,197302
1986-12-01 00:00:00,2383784,2233758,1951644,1887057,1466883,1379722,473429,457522,1036178,1003568,238213,225686,91464,184002,171619
1987-03-01 00:00:00,2021046,2167905,1851294,1988078,1315843,1467037,426380,452018,998007,1063082,203893,218703,76418,135676,145366
1987-06-01 00:00:00,2212503,2232604,1947122,1905591,1479180,1478666,420110,432963,1079887,1093548,216889,213971,97289,136768,139712
1987-09-01 00:00:00,2237945,2136602,1890202,1845069,1698219,1620019,420891,415902,1134719,1080029,199707,200063,112736,132681,129116
1987-12-01 00:00:00,2513348,2369369,1963650,1910980,1957275,1831256,409621,391053,1119420,1094074,211935,204273,130657,144827,136836
1988-03-01 00:00:00,2491474,2683127,1923784,2068856,1932851,2146561,402174,418256,1028946,1101110,201493,213358,102227,128175,136863
1988-06-01 00:00:00,2773760,2827429,2049950,2002680,2375952,2366461,421972,429448,1071473,1079345,224443,219884,107348,141168,144037
1988-09-01 00:00:00,3278306,3152779,2279890,2238921,2864874,2735188,460785,457392,1336252,1265383,223125,222177,91172,171921,166392
1988-12-01 00:00:00,3525895,3333000,2304077,2244817,3172943,2974289,506348,485337,1481821,1445889,237938,230716,81090,175320,167490
1989-03-01 00:00:00,3185852,3430683,2167816,2334090,2731107,2961322,475002,490632,1391129,1482653,241360,254863,58828,170832,181078
1989-06-01 00:00:00,3414768,3488360,2504984,2438939,2986618,3084743,508972,517746,1590855,1606132,242464,237129,77319,158515,161628
1989-09-01 00:00:00,3571190,3467973,2332463,2304397,2977613,2848254,569834,569762,1637047,1558297,246736,244799,61641,180885,173917
1989-12-01 00:00:00,3509040,3326818,2196070,2136940,2900437,2727590,561043,538936,1434726,1402036,253908,247366,65356,161542,153762
1990-03-01 00:00:00,2874453,3087749,1821625,1960848,2468129,2692830,561867,575007,1220509,1314240,227080,239640,62908,179304,187748
1990-06-01 00:00:00,3101642,3173785,1954226,1902199,2023356,2100860,576808,585847,1183650,1201359,235362,231281,61151,187171,193475
1990-09-01 00:00:00,2874486,2792711,1794428,1780167,2526593,2413817,557921,561149,1176021,1124112,237168,234567,58951,184514,179832
1990-12-01 00:00:00,3094250,2929970,1635345,1578109,2397574,2227608,637140,612005,1070121,1045116,225267,220512,73397,190536,182282
1991-03-01 00:00:00,2792644,2989904,1345709,1450172,2130572,2324279,601481,617222,973289,1042627,200391,210381,59041,148162,157280
1991-06-01 00:00:00,2801624,2850420,1382405,1349439,2256742,2345778,560611,566778,1005954,1013530,233329,230695,71071,150803,154620
1991-09-01 00:00:00,2693613,2607257,1324105,1317527,2477799,2351578,554745,558407,1045190,1000731,235691,232391,66382,173300,166842
1991-12-01 00:00:00,3031591,2870215,1540111,1475010,2603012,2405449,558955,535226,1182711,1149788,222552,216434,70585,202140,189937
1992-03-01 00:00:00,2834326,3036202,1290330,1391516,2245048,2473739,538012,553705,1052862,1123249,236853,247630,119038,221884,237144
1992-06-01 00:00:00,3123940,3169795,1601272,1571765,2483493,2578586,557457,561831,1226105,1233101,266748,265391,106210,252786,256188
1992-09-01 00:00:00,3566801,3456494,1558468,1548862,3067749,2895506,546048,546645,1426280,1375856,247193,243001,117551,250768,240442
1992-12-01 00:00:00,3562229,3390992,1725762,1632379,3320626,3075304,576390,552011,1513647,1466285,287573,279877,82340,247920,232081
1993-03-01 00:00:00,3217123,3460234,1627385,1753637,2820410,3118642,559765,579016,1408767,1498142,260977,272617,76113,203146,223592
1993-06-01 00:00:00,3243832,3282265,1786460,1763196,3022598,3141931,626642,631174,1515473,1523884,251569,251816,86121,239676,245395
1993-09-01 00:00:00,3710007,3590500,1844914,1829880,3319039,3118440,693875,695494,1728953,1680193,279362,276584,113683,240088,226116
1993-12-01 00:00:00,3610167,3452200,1968906,1850587,3713324,3462118,643884,615394,1785165,1728973,292374,282010,113257,237358,218688
1994-03-01 00:00:00,3212362,3455797,1699793,1840249,2986528,3318401,573404,596303,1710678,1804457,268518,279519,104563,198538,221860
1994-06-01 00:00:00,3823046,3857086,1920149,1913047,3423015,3542948,602591,606563,1973939,1985113,271810,273952,113783,210759,220078
1994-09-01 00:00:00,3965958,3840029,1976388,1955719,3920090,3692539,641589,645232,1997010,1955185,262560,261208,108252,287046,269737
1994-12-01 00:00:00,4206469,4043439,2073251,1943950,3741800,3521893,638280,609172,2044651,1984913,268748,258626,126056,218927,205108
1995-03-01 00:00:00,3623705,3888944,1656214,1803865,3036192,3404141,513076,536243,1827321,1917789,221469,231284,94655,158118,184754
1995-06-01 00:00:00,3986341,4010062,1727884,1730204,2798421,2877931,453314,455612,1717559,1728655,218942,220602,139335,130955,135447
1995-09-01 00:00:00,4017235,3915208,1788623,1759186,2766335,2615966,399987,402419,1579841,1559436,205569,206171,132028,165995,155864
1995-12-01 00:00:00,3651203,3517475,1731789,1624909,2400800,2275294,397159,377259,1443564,1404993,194277,185696,111621,172461,159626
1996-03-01 00:00:00,3257736,3491928,1459306,1592017,1961997,2200199,339961,356634,1303225,1354629,178836,185527,100526,123863,145456
1996-06-01 00:00:00,3312260,3313823,1526896,1530502,2383724,2421397,332240,333035,1287465,1295038,173284,174573,108268,122625,124000
1996-09-01 00:00:00,3475185,3398463,1564382,1515586,2347119,2220148,308216,309268,1322569,1314754,162045,162074,100743,135571,129060
1996-12-01 00:00:00,3571234,3440907,1679151,1586617,2482228,2345257,342501,324728,1339550,1297263,173476,166000,115774,133071,122392
1997-03-01 00:00:00,3331481,3553201,1506586,1646054,2252733,2507464,325464,342636,1408228,1449401,156278,162790,115249,98801,116318
1997-06-01 00:00:00,3497705,3483034,1816975,1818838,2563679,2572890,408772,408323,1494732,1503661,156086,157021,126097,125696,125370
1997-09-01 00:00:00,3635497,3561039,2086794,2020083,2856137,2702615,404427,404292,1574730,1574249,156474,155944,147754,108126,104462
1997-12-01 00:00:00,4047291,3899303,2236617,2112005,2899526,2751600,446259,423614,1661248,1603029,141466,136008,139489,112268,104855
1998-03-01 00:00:00,3938772,4185624,2092130,2283460,2572693,2860266,416891,428214,1555672,1593109,128364,133724,142325,86024,99231
1998-06-01 00:00:00,4362794,4338389,2477064,2477057,2840889,2854764,437018,448475,1703942,1725205,132474,133101,164847,95775,93645
1998-09-01 00:00:00,4502539,4415136,2522078,2442057,2779893,2645837,494862,491533,1659300,1661337,114561,117038,179491,119164,117000
1998-12-01 00:00:00,4643838,4573470,2776129,2640708,2706838,2595084,518183,493844,1813832,1740980,129798,123459,223641,116512,108348
1999-03-01 00:00:00,4396347,4596365,2459828,2681017,2125052,2358871,466935,480737,1757762,1800816,117356,121509,158866,119085,137724
1999-06-01 00:00:00,4789486,4747240,2757745,2751998,2305895,2317886,519294,533159,1800239,1828000,115166,114875,161487,156314,148003
1999-09-01 00:00:00,4798820,4702692,3084462,2921559,2479687,2350207,575471,563653,1825743,1821852,119393,121013,161360,149061,146413
1999-12-01 00:00:00,4771357,4695674,3135066,3110290,2800434,2657153,601242,573759,2015070,1923824,128971,121806,133934,190662,183004
2000-03-01 00:00:00,4825898,5063253,3084422,3320745,2761065,3017833,611383,631264,2200919,2251848,146126,151931,110109,153600,177689
2000-06-01 00:00:00,5679025,5613480,3989601,3940957,3756462,3772455,749007,768427,2389222,2433431,222501,222240,142697,233010,219226
2000-09-01 00:00:00,4036040,3960080,2908493,2760129,2248548,2128110,511100,499707,1649521,1642350,100218,101227,105628,134336,133062
2000-12-01 00:00:00,3424886,3387185,2623092,2618363,1976217,1899289,479050,462329,1615100,1548226,110528,104720,76514,108785,104755
2001-03-01 00:00:00,2982083,3137537,2522050,2710704,1789314,1954531,432805,449808,1539071,1580651,97600,102216,49704,113834,129146
2001-06-01 00:00:00,3150165,3108372,2786433,2750872,2249371,2281519,435610,446721,1432030,1464493,104852,105037,82670,140757,130750
2001-09-01 00:00:00,3510291,3447327,3119101,2968146,2787561,2632907,508484,498533,1637628,1618941,115144,116347,99911,148979,148081
2001-12-01 00:00:00,4242601,4034631,3078545,3061658,2924005,2788807,580850,559013,1835538,1770241,141187,133172,93344,151694,149829
2002-03-01 00:00:00,3966933,4239039,3086078,3304511,2893662,3135220,583262,606798,1709304,1754135,141536,148272,70712,130407,147895
2002-06-01 00:00:00,4637174,4636003,3690972,3640381,3315280,3363574,640848,649100,1804135,1843287,170650,170727,83147,197769,183043
2002-09-01 00:00:00,4888509,4795135,3894940,3716242,3627536,3430962,693891,683922,1965260,1931820,173005,174492,99483,201773,198549
2002-12-01 00:00:00,5326863,5129417,3803737,3773483,3771057,3608383,688946,664696,2056921,2000761,182749,172699,114790,234135,232016
2003-03-01 00:00:00,4693255,5011805,3589413,3857380,3437780,3735202,652228,682732,1927790,1984453,167885,177059,76684,238068,260933
2003-06-01 00:00:00,4873887,4846157,3509651,3450635,3556838,3618663,690882,694597,1937535,1970472,171313,170702,96901,248897,231375
2003-09-01 00:00:00,4913700,4811327,3764342,3597499,4015396,3814570,739156,732427,2042598,1997304,205393,206497,99085,228923,224008
2003-12-01 00:00:00,5187662,5047063,3819582,3769291,4550975,4346910,785632,754300,1914015,1880142,249064,236083,117247,236796,236109
2004-03-01 00:00:00,4901467,5206446,3662942,3947663,3976953,4323839,753650,796763,2090775,2153779,255936,270333,76280,186435,203270
2004-06-01 00:00:00,5102206,5040199,3867067,3799482,4204255,4262259,789428,784376,2063781,2079944,271725,269205,93351,243743,232510
2004-09-01 00:00:00,5195940,5091343,3894045,3726357,4585761,4377244,756054,750796,2105275,2051643,261912,263983,116403,215882,208641
2004-12-01 00:00:00,4693955,4621571,3885111,3834541,4449020,4238679,850360,816926,2091209,2075617,290386,278089,129836,206254,206627
2005-03-01 00:00:00,4117799,4365132,3220537,3504422,3979308,4339934,765727,814544,2102903,2174495,237920,252445,122422,193212,207706
2005-06-01 00:00:00,4437041,4366689,3940011,3874384,4435990,4494222,901776,891650,2200516,2198147,268507,264208,115388,217207,209582
2005-09-01 00:00:00,4314365,4230142,3930208,3763964,4513046,4308557,843859,837003,2303048,2239490,301298,303859,121343,226183,215506
2005-12-01 00:00:00,3774020,3723905,3656460,3594135,4474574,4280757,803912,769302,2355156,2353385,241283,231474,153070,188416,185621
2006-03-01 00:00:00,3594111,3803824,3027488,3316719,3745546,4090134,785609,838844,2335686,2422815,239526,253466,124399,202492,220320
2006-06-01 00:00:00,3890895,3815520,3532142,3471480,4225542,4279260,842215,830446,2536468,2514669,275188,268495,128208,217108,212751
2006-09-01 00:00:00,3670398,3589529,3603283,3424294,4542520,4310079,841525,829121,2634558,2559083,248685,250459,142882,238519,223235
2006-12-01 00:00:00,3738840,3683628,3471834,3396019,4673973,4471238,843742,808991,2559395,2565893,272176,262802,125190,270252,264652
2007-03-01 00:00:00,3580998,3790191,3201414,3530049,4180731,4547708,803275,861265,2525034,2636177,277197,293768,130922,218066,241013
2007-06-01 00:00:00,3508297,3435184,3544422,3470589,4359808,4428006,825504,814669,2704317,2662152,286182,277212,123405,211376,209314
2007-09-01 00:00:00,3612854,3534010,3709722,3517903,4487702,4204078,914576,895704,2765776,2688673,272722,274419,146461,229951,216323
2007-12-01 00:00:00,3533277,3473009,3504432,3414572,4556002,4364291,916685,881200,2613265,2621613,292407,285635,145927,220340,214132
2008-03-01 00:00:00,3238572,3435524,3201676,3558787,4298703,4664919,826752,891697,2552591,2679451,261615,276727,126899,169834,190620
2008-06-01 00:00:00,3461145,3403305,3647496,3572063,4697167,4806285,962707,952119,2800007,2741901,297231,287195,131773,208620,207670
2008-09-01 00:00:00,3518749,3442198,3926575,3712991,5159616,4844910,950491,926689,2759405,2687973,290774,293375,140742,236206,220264
2008-12-01 00:00:00,3563305,3498199,4282393,4169178,4088390,3960090,990241,955685,2783297,2786327,302462,296941,126879,221005,215131
2009-03-01 00:00:00,2943128,3120522,3618009,4032986,3578535,3918788,876004,949949,2514968,2643222,245800,258777,90061,192161,217102
2009-06-01 00:00:00,3259370,3223634,4259658,4171479,3371411,3474164,932103,916515,2713741,2653889,286593,276536,132151,285818,282693
2009-09-01 00:00:00,3338326,3246443,4636771,4385098,3946507,3677751,966944,945579,2741797,2680101,279702,281728,149453,320177,301339
2009-12-01 00:00:00,3295457,3210569,4363253,4227707,3949308,3801975,943279,908244,2585921,2588395,291590,287560,125934,376140,366580
2010-03-01 00:00:00,3279915,3473932,4148568,4631704,3410632,3713182,876290,955431,2417301,2528674,288509,301839,137942,287547,323626
2010-06-01 00:00:00,3950426,3933179,5196422,5100506,4238353,4351892,961342,938600,2769669,2717520,327535,316209,169551,334264,326583
2010-09-01 00:00:00,3902159,3756907,5198159,4915046,4065878,3810719,985954,970714,2765436,2703534,319800,320260,159250,432150,407004
2010-12-01 00:00:00,3797668,3722052,5234470,5085630,3724890,3608005,1009297,972691,2708195,2706759,298075,293646,174551,369087,366591
2011-03-01 00:00:00,3799223,4008628,4474763,4993687,2992592,3295846,861368,944581,2607013,2710297,284023,294768,154716,398109,438629
2011-06-01 00:00:00,3599067,3610530,5204945,5117974,2915447,2984237,999585,968219,2616078,2576133,299263,292485,176229,432962,420085
2011-09-01 00:00:00,3724657,3575226,5509963,5234180,3194762,3006869,892840,888073,2390751,2335064,243832,243872,182928,441538,416999
2011-12-01 00:00:00,3583105,3517249,5147313,5019340,2954984,2846741,927256,890986,2444348,2451778,282269,277475,194695,440668,451205
2012-03-01 00:00:00,3302948,3488953,4394891,4874852,2739841,3004918,742280,812545,2224164,2288608,248689,258752,159056,408511,438546
2012-06-01 00:00:00,3481297,3510578,4858196,4781991,3177224,3208284,789665,760438,2081677,2065489,224660,219351,159978,496353,480321
2012-09-01 00:00:00,4244247,4060725,5283582,5020983,3050003,2891426,690848,686794,2402290,2348257,240961,242511,174933,474402,454230
2012-12-01 00:00:00,4426527,4357117,5431232,5328805,3304493,3167927,715866,687369,2243997,2253632,219028,214309,177411,431145,442644
2013-03-01 00:00:00,4215762,4436891,4615551,5067119,2842647,3124754,643748,703006,2392993,2450877,192296,200772,146315,353715,375043
2013-06-01 00:00:00,4485816,4517620,4967277,4880735,3146203,3159238,768673,741967,2639347,2625860,202854,197546,161530,435686,423031
2013-09-01 00:00:00,4775326,4573114,5152846,4917139,3263557,3111779,770428,765333,3010074,2944647,189360,190347,238225,376470,363559
2013-12-01 00:00:00,4643281,4559133,4803620,4736258,3389367,3251993,864404,836773,2783567,2792335,190665,186615,242520,331748,339791
2014-03-01 00:00:00,4678354,4943249,4622867,5026932,3177220,3478840,765254,828880,2885905,2945726,186245,194457,202804,394346,411132
2014-06-01 00:00:00,5225587,5247051,5186704,5085709,3610867,3598398,910234,879334,3071243,3068080,213487,208337,195004,446821,434902
2014-09-01 00:00:00,5478890,5261505,5275788,5045723,3801542,3611767,942653,930294,3058023,2992266,244450,244970,213927,456497,439380
2014-12-01 00:00:00,5649586,5557097,5513709,5473318,3699746,3551543,999061,971933,3111555,3111875,275260,269626,188829,406127,414081
2015-03-01 00:00:00,5224927,5547260,5386415,5808322,3928325,4302039,930455,997861,3243016,3306622,269545,280903,170282,396709,410615
2015-06-01 00:00:00,5970444,5957986,5793331,5641879,3939687,3903951,912557,884639,3291153,3292983,290282,284039,181528,376434,371693
2015-09-01 00:00:00,6459384,6228706,6244471,6020207,4330691,4099124,963688,942658,3359192,3304430,283307,282321,192344,348159,333982
2015-12-01 00:00:00,6566318,6447227,6224874,6235728,4727616,4575353,880953,865084,3251965,3240033,290792,288263,173474,328441,334389
2016-03-01 00:00:00,6900245,7321597,5898369,6324312,4443504,4851569,871395,930651,2698684,2759790,244994,254432,136667,373806,385424
2016-06-01 00:00:00,7281344,7209761,7188317,6975784,4727984,4703750,952225,929868,2817679,2823266,258727,252804,155134,445277,441888
2016-09-01 00:00:00,7697220,7451461,6742302,6522787,5193940,4904799,991743,965853,2546455,2517404,228217,226193,119002,447121,425117
2016-12-01 00:00:00,7968685,7858515,6653797,6694536,5132245,5045269,933864,922079,2375697,2351356,226177,226884,113685,563034,570166
2017-03-01 00:00:00,7241835,7698827,6340147,6763298,4099125,4491023,872225,929621,2124954,2171645,223751,231888,91096,446070,459524
2017-06-01 00:00:00,7874076,7773012,6901284,6656909,4610681,4594899,1011757,992036,2049028,2055729,227485,220665,93779,430179,431598
2017-09-01 00:00:00,8210408,7967612,6849981,6656862,4801225,4521473,1065120,1032857,2116303,2098607,248136,245998,97324,495935,472542
2017-12-01 00:00:00,8216734,8127052,6428307,6483663,4546191,4492163,1100899,1091509,2069120,2033622,254317,257973,93260,461808,464247
2018-03-01 00:00:00,7879937,8369458,6685218,7107553,3811446,4178582,976115,1040254,2051182,2093405,273494,282953,81325,412603,426849
2018-06-01 00:00:00,8721683,8564641,7822610,7538038,4294182,4260827,1205061,1182575,2024761,2035731,317437,306460,100699,457344,464052
2018-09-01 00:00:00,8894849,8637160,7542306,7329212,4379753,4107937,1125068,1086978,1974327,1953193,318676,317590,84793,578674,556684
2018-12-01 00:00:00,8448555,8415380,7343425,7422358,3941779,3916750,1126330,1119011,2079516,2053132,291369,297022,84374,547289,541990
2019-03-01 00:00:00,7446847,7906620,7015768,7442934,3726626,4066857,993652,1055776,1757406,1789821,303501,315908,66734,543571,562333
2019-06-01 00:00:00,7572214,7403303,7609191,7316185,3805761,3762375,1013602,996887,1828727,1843829,368265,351291,55792,545683,554209
2019-09-01 00:00:00,7172841,6987327,7706752,7501879,4020451,3776103,1031789,985768,1735513,1714105,309259,308280,62926,526502,508319
2019-12-01 00:00:00,6522216,6517594,7212871,7293352,3348927,3361634,1059492,1057051,1675272,1657776,304643,309103,57384,550348,542910
2020-03-01 00:00:00,5952464,6312873,6752610,7145077,3132853,3406308,1060768,1124923,1647773,1677047,328207,342184,47957,560252,580372
2020-06-01 00:00:00,6362006,6191734,7195294,6927219,3338913,3297099,1095822,1080130,1480002,1489632,363474,346016,51327,550133,555634
2020-09-01 00:00:00,6283375,6124932,7118040,6910471,3386766,3175767,1137659,1080736,1536824,1506223,341573,340702,66597,548648,533275
2020-12-01 00:00:00,6203472,6225396,7136358,7243587,3484977,3495338,1068502,1076260,1579538,1571312,375856,378867,64525,524241,513388
2021-03-01 00:00:00,6074254,6405578,6511184,6877590,3393223,3659029,1044027,1107310,1840359,1872352,359404,377418,59365,548198,572969
2021-06-01 00:00:00,6669492,6474687,7013789,6747724,4172183,4107014,1070358,1056240,1897720,1904554,416356,396202,77128,515913,517368
2021-09-01 00:00:00,5958794,5828416,7221151,6984286,4269186,4017237,1170563,1106578,1979047,1929867,400660,399453,73909,441657,429834
2021-12-01 00:00:00,6030397,6040682,6542543,6670564,3891418,3918986,1114365,1127101,1773150,1779176,398279,398660,58457,510937,498593
2022-03-01 00:00:00,5719756,6004874,6789751,7137411,3412838,3688085,1152381,1223447,1782934,1829545,333813,350356,49766,481220,509182
2022-06-01 00:00:00,5954066,5789042,6654886,6416069,3556442,3505576,1267761,1247944,1723450,1719993,351824,336107,60148,515048,511253
2022-09-01 00:00:00,6023898,5884814,6933539,6689190,3800727,3566504,1292177,1226507,1612776,1559458,377271,375984,63884,546409,534295
2022-12-01 00:00:00,6299893,6320210,6405020,6575854,3750352,3742445,1019667,1038232,1901639,1920864,315723,315111,60616,493757,481535
2023-03-01 00:00:00,5784573,6060656,6149683,6452251,3878357,4185840,950301,1016771,1824107,1876199,313978,329711,66884,409673,440506
2023-06-01 00:00:00,6839625,6682309,6637333,6408282,4184795,4119441,1079871,1060506,2012557,1994557,333625,319790,75594,462039,455543
2023-09-01 00:00:00,6538516,6372679,6769303,6513305,4319201,4048590,1187208,1127997,2053473,1982406,324121,321183,80929,481309,467211
2023-12-01 00:00:00,5967637,5979135,6165296,6367063,4060182,4061203,1172783,1189682,1829449,1857018,281343,280380,60584,501457,487462
2024-03-01 00:00:00,5849347,6126032,6443022,6732996,3607658,3912556,1065052,1137906,1716038,1785119,258724,272313,54099,419674,461576
2024-06-01 00:00:00,6053955,5931611,7130681,6894938,4243202,4207895,1270965,1240422,1868563,1842981,263924,254235,61961,475777,461968
2024-09-01 00:00:00,6423413,6239825,7170477,6873499,4405496,4109527,1275619,1208571,1987987,1916982,252987,250093,57446,469790,455111
2024-12-01 00:00:00,6453399,6461590,6646086,6892943,4158744,4157601,1321422,1335900,1904090,1933378,263958,263942,61809,444827,433372
2025-03-01 00:00:00,6091839,6381595,6762082,7048166,4037295,4370674,1304479,1395330,1883642,1964409,246029,258923,60786,382744,423875
2025-06-01 00:00:00,6451751,6337366,7235819,6999891,4395449,4359111,1460029,1421230,2094327,2055330,267136,257175,67299,472793,457716
2025-09-01 00:00:00,6743314,6533858,7534678,7212424,5239037,4876235,1509174,1434292,2092540,2017517,247691,244536,81792,440149,424893
