Quarter,Value of work commenced ;  Chain Volume Measures ;  New South Wales ;  New ;  Total Residential ;,Value of work commenced ;  Chain Volume Measures ;  Victoria ;  New ;  Total Residential ;,Value of work commenced ;  Chain Volume Measures ;  Queensland ;  New ;  Total Residential ;,Value of work commenced ;  Chain Volume Measures ;  South Australia ;  New ;  Total Residential ;,Value of work commenced ;  Chain Volume Measures ;  Western Australia ;  New ;  Total Residential ;,Value of work commenced ;  Chain Volume Measures ;  Tasmania ;  New ;  Total Residential ;,Value of work commenced ;  Chain Volume Measures ;  Northern Territory ;  New ;  Total Residential ;,Value of work commenced ;  Chain Volume Measures ;  Australian Capital Territory ;  New ;  Total Residential ;
1969-09-01 00:00:00,3229627,2000160,1043840,514416,1232832,319555,78450,152902
1969-12-01 00:00:00,3003763,1909886,953878,495823,1082639,189445,67495,150166
1970-03-01 00:00:00,3216247,1794135,1016709,483737,1101781,231402,93292,228897
1970-06-01 00:00:00,2949607,1781120,980653,521854,962632,193683,86577,196371
1970-09-01 00:00:00,2811668,1899363,1069900,572366,921771,265731,119795,229201
1970-12-01 00:00:00,3036894,1663154,996003,603355,867657,232673,61488,202755
1971-03-01 00:00:00,3016188,1641555,1185922,551913,876860,201311,98592,255648
1971-06-01 00:00:00,3227079,1750659,1313725,491794,777836,189021,149125,201539
1971-09-01 00:00:00,3054097,1910993,1518994,541687,929501,210635,137110,237105
1971-12-01 00:00:00,3003126,1711337,1379768,547265,767161,191140,209906,215522
1972-03-01 00:00:00,3094873,1811858,1209840,594678,823115,205973,103893,205491
1972-06-01 00:00:00,3182161,2256861,1537558,591889,843730,212754,138524,239537
1972-09-01 00:00:00,3263077,2319444,1718909,617300,968154,248778,111314,260511
1972-12-01 00:00:00,3033709,2316397,1600388,586621,952693,226740,96825,259903
1973-03-01 00:00:00,3418856,2297013,1883481,729479,932814,259374,97886,295165
1973-06-01 00:00:00,3716078,2690787,1983439,662234,1195652,288193,88698,359001
1973-09-01 00:00:00,3471101,2717094,2012712,729170,1217003,316588,109194,297293
1973-12-01 00:00:00,3147756,2198431,1822793,615750,948275,253440,66082,252608
1974-03-01 00:00:00,3092006,2304490,1803515,647669,806918,272088,82337,285134
1974-06-01 00:00:00,2674684,1948654,1721765,519065,999812,265731,196831,273886
1974-09-01 00:00:00,1921275,1699707,1176283,548814,726668,217840,190470,192724
1974-12-01 00:00:00,2326173,1432760,870343,427647,621017,166135,67142,200323
1975-03-01 00:00:00,2130891,1617463,1035272,513177,702004,241997,11661,160806
1975-06-01 00:00:00,2305147,2017329,1208055,584761,862136,253864,71736,264767
1975-09-01 00:00:00,2237930,2016498,1397974,636513,1122396,278445,347370,273886
1975-12-01 00:00:00,1722489,1858102,1401187,615440,952693,221231,284469,271455
1976-03-01 00:00:00,1753709,2231661,1414396,652317,1203750,372956,254078,265679
1976-06-01 00:00:00,2174216,2256307,1483295,789598,1323389,302603,178456,260207
1976-09-01 00:00:00,2265008,2606605,1660005,847547,1128654,300060,254785,262639
1976-12-01 00:00:00,2288582,2229723,1472228,703139,1056135,296669,213440,210050
1977-03-01 00:00:00,2323624,2038928,1464732,614820,1184976,278021,166087,199715
1977-06-01 00:00:00,2268831,2086558,1403686,537038,1320076,247931,208139,109129
1977-09-01 00:00:00,2283166,1940900,1633231,594988,1106567,297941,95765,165973
1977-12-01 00:00:00,2076735,1701091,1339428,403786,816857,230131,115201,146823
1978-03-01 00:00:00,2146820,1518327,1537201,390151,912936,222926,92232,127064
1978-06-01 00:00:00,2285396,1955023,1639300,437874,831582,236488,73149,141959
1978-09-01 00:00:00,2429070,1595587,1705700,389221,951957,237335,117321,151078
1978-12-01 00:00:00,2506481,1349686,1514710,390151,773051,216569,66788,106697
1979-03-01 00:00:00,2771529,1722414,1741042,349865,954534,240726,53713,130712
1979-06-01 00:00:00,2922529,1568172,2010570,412773,1084848,331846,72442,168101
1979-09-01 00:00:00,2914246,1780012,2042342,420830,1043618,246659,121562,117640
1979-12-01 00:00:00,3124819,1519712,2059120,406885,975148,216992,73502,89066
1980-03-01 00:00:00,3731369,1575649,1953451,397278,1003125,236488,165381,87546
1980-06-01 00:00:00,3164958,1692507,2366489,412463,1057975,191564,78450,165061
1980-09-01 00:00:00,4262101,1870287,2569617,401926,1093315,257678,100006,154118
1980-12-01 00:00:00,4206989,1700538,2487152,447790,938336,256407,148772,170837
1981-03-01 00:00:00,3852425,1590325,2466446,356683,1107303,208092,164674,177829
1981-06-01 00:00:00,3479702,1645431,3038345,352654,1189394,239454,136404,188164
1981-09-01 00:00:00,3775969,1667031,3308230,385192,1238354,219535,140291,169317
1981-12-01 00:00:00,3339851,1536050,3429250,468553,1161417,186478,149832,193028
1982-03-01 00:00:00,2599184,1231720,2740615,351105,1011960,162320,127923,100618
1982-06-01 00:00:00,2572424,1405346,2290093,391390,892321,146639,113081,84203
1982-09-01 00:00:00,2140448,1438022,2087323,376206,786671,130958,129690,93930
1982-12-01 00:00:00,1887188,1476513,1737115,352344,638319,152573,136757,117032
1983-03-01 00:00:00,1804361,1288211,1443669,324454,594881,131806,97532,92714
1983-06-01 00:00:00,2013977,1885794,1616809,442522,713783,179697,122622,94538
1983-09-01 00:00:00,2395620,1784443,1801730,479089,756117,194954,203899,148950
1983-12-01 00:00:00,2331270,2004314,1945241,549434,974780,231826,131103,127064
1984-03-01 00:00:00,2411548,1792197,1846354,511317,886063,184359,128629,120680
1984-06-01 00:00:00,2673091,2080189,2251538,688574,1026317,230978,153366,161110
1984-09-01 00:00:00,3051894,2441418,2049390,603462,1247486,275003,180924,211574
1984-12-01 00:00:00,2878940,2284614,1974749,724701,1160870,276794,176013,190724
1985-03-01 00:00:00,2325976,2087769,1591488,663863,993559,247566,160360,224195
1985-06-01 00:00:00,3011953,2257721,1835299,642102,1126395,260951,194142,184766
1985-09-01 00:00:00,3029648,2124991,2168658,606347,1256335,247235,156520,208170
1985-12-01 00:00:00,2547358,2191615,1849484,559714,1229763,262720,126739,285859
1986-03-01 00:00:00,2272935,1835034,1620737,443860,982848,235553,105165,187294
1986-06-01 00:00:00,2285459,1770481,1428004,463104,1178793,243674,96130,132400
1986-09-01 00:00:00,2521447,1838932,1512646,452137,1110885,228839,78473,178379
1986-12-01 00:00:00,2372423,1917881,1558763,465569,959024,225203,75915,180368
1987-03-01 00:00:00,1886828,1802409,1338702,362274,1049450,207470,60304,136305
1987-06-01 00:00:00,2111090,1857037,1528359,423448,1006687,202699,156655,130825
1987-09-01 00:00:00,2428013,1723648,1997425,431555,1209909,221989,109030,136334
1987-12-01 00:00:00,2675227,1986805,2183939,394632,1083427,206943,152644,122969
1988-03-01 00:00:00,2744320,2010619,2221211,404025,1180107,211187,60750,149494
1988-06-01 00:00:00,3071344,2027179,2994062,419128,1409649,233770,48646,195689
1988-09-01 00:00:00,3717605,2322628,3320692,499580,1696981,258120,44177,179145
1988-12-01 00:00:00,3546680,2480527,3419866,552487,1724109,251631,110632,172288
1989-03-01 00:00:00,3400810,2120484,3101031,503190,1568987,233017,38306,148407
1989-06-01 00:00:00,3084074,2534771,3287961,509216,1748933,260239,68296,199251
1989-09-01 00:00:00,3316176,2037725,2534430,600471,1217937,246677,73754,185697
1989-12-01 00:00:00,2802360,1846369,2813192,535325,1003009,259010,49971,141854
1990-03-01 00:00:00,2429702,1666448,1889990,545693,1118328,205390,58254,152745
1990-06-01 00:00:00,2895084,1676288,2240225,542543,1015855,235747,69364,167765
1990-09-01 00:00:00,2640182,1587333,2491423,558659,1036168,214257,50520,175774
1990-12-01 00:00:00,2790987,1411676,2142766,592354,979023,251844,79576,144743
1991-03-01 00:00:00,2509387,1147153,1866433,513829,960231,209429,48728,125272
1991-06-01 00:00:00,2511286,1146917,2321548,510493,974428,250795,62411,140247
1991-09-01 00:00:00,2844680,1385075,2350235,548042,1210373,229685,56244,208334
1991-12-01 00:00:00,3049057,1519359,2627807,538242,1067719,242250,83886,157896
1992-03-01 00:00:00,2755714,1298544,2395912,510898,1049999,255793,128905,205072
1992-06-01 00:00:00,3326284,1614942,2764123,533746,1397534,246954,110191,258329
1992-09-01 00:00:00,3264716,1568419,3272847,558640,1484990,253701,88719,309127
1992-12-01 00:00:00,3467187,1728437,3055639,607108,1400094,281441,72121,228537
1993-03-01 00:00:00,3165262,1521237,2786627,596243,1504412,255595,59631,181759
1993-06-01 00:00:00,3316769,1719053,3500249,634605,1603132,262578,107752,290053
1993-09-01 00:00:00,3624112,1794263,3630407,695702,1873293,276945,117795,277841
1993-12-01 00:00:00,3444542,2005488,3608269,587838,1835702,294296,107140,173664
1994-03-01 00:00:00,3074769,1854238,3188017,527677,1798366,281821,125885,247086
1994-06-01 00:00:00,3937354,1945270,3766483,591074,2105307,266381,115550,209751
1994-09-01 00:00:00,4542783,1903680,4303080,649029,2173060,237357,127271,199037
1994-12-01 00:00:00,4364876,2082151,3559657,604649,1909493,246514,139242,191087
1995-03-01 00:00:00,3766070,1709264,2549574,454872,1538420,199353,81791,147452
1995-06-01 00:00:00,3763785,1788154,2691759,381340,1620134,208289,125344,123461
1995-09-01 00:00:00,3913893,1626873,2403069,386455,1415286,187288,134528,149772
1995-12-01 00:00:00,2863919,1644109,2195252,364943,1336201,194859,92432,193281
1996-03-01 00:00:00,3464380,1505883,2048887,299677,1259085,203662,82174,100657
1996-06-01 00:00:00,3127456,1507704,2637406,305221,1384572,163558,95245,116978
1996-09-01 00:00:00,3210688,1628638,2359783,299351,1190118,140177,101958,109174
1996-12-01 00:00:00,3427164,1475774,2634224,370958,1406248,157494,135263,106280
1997-03-01 00:00:00,3621979,1670798,2215345,300406,1364691,133877,93660,115280
1997-06-01 00:00:00,3539480,1972929,2602016,423822,1520699,133177,137855,149764
1997-09-01 00:00:00,3930861,2108118,2763463,379752,1500484,124544,149321,74800
1997-12-01 00:00:00,4221255,2608610,2962555,506409,1704272,138583,130816,114934
1998-03-01 00:00:00,3955792,2153639,2517090,414033,1519666,122357,192499,80818
1998-06-01 00:00:00,4127025,2677071,2842136,418505,1886347,125006,195065,81541
1998-09-01 00:00:00,4739964,2769962,2587976,501914,1884845,99937,159238,151009
1998-12-01 00:00:00,3871840,2608108,2406827,626735,1893133,128820,205439,125330
1999-03-01 00:00:00,4306317,2523571,1910519,461372,1610229,113119,121800,147930
1999-06-01 00:00:00,4109875,2981415,2525905,486163,1923360,116082,137371,161707
1999-09-01 00:00:00,5322213,3605367,2547133,653387,2346815,110001,150858,170823
1999-12-01 00:00:00,4231710,3554489,3209523,642834,2146328,140253,129125,218458
2000-03-01 00:00:00,4612908,3685658,2963027,706993,2518758,186650,114404,182511
2000-06-01 00:00:00,4060198,3507711,3352699,619509,2134905,181735,98972,179363
2000-09-01 00:00:00,2815400,2718315,1779254,509334,1399922,80102,116598,111095
2000-12-01 00:00:00,3454824,2311839,1862634,365452,1342333,117513,53864,146877
2001-03-01 00:00:00,2907772,2669958,1756316,412433,1279714,74840,32068,121080
2001-06-01 00:00:00,2903053,2927816,2252104,423525,1309152,106517,114555,114349
2001-09-01 00:00:00,4357845,3899334,3139454,710929,1890901,114437,135902,159384
2001-12-01 00:00:00,5174987,3415218,3330349,671846,2033668,181623,80232,275037
2002-03-01 00:00:00,3980727,3534641,3303772,606445,1742860,176934,51373,134512
2002-06-01 00:00:00,4764759,3812824,3781942,689250,1901598,178431,94631,169380
2002-09-01 00:00:00,4884352,4559431,4760651,750199,2314938,178817,100871,313083
2002-12-01 00:00:00,5971107,3895313,3993788,837135,1887414,162127,94733,290818
2003-03-01 00:00:00,4613546,3615381,3374912,664196,2280054,154846,75543,210751
2003-06-01 00:00:00,4107197,3521331,4289204,761630,1855917,224869,94777,207056
2003-09-01 00:00:00,4627927,3809613,4694965,692128,2308766,267434,87856,149821
2003-12-01 00:00:00,4876912,4082079,5029842,799159,2397657,250726,146249,374224
2004-03-01 00:00:00,4515009,3471404,4087404,654746,2377266,269376,97292,166978
2004-06-01 00:00:00,4552970,3877126,4512593,801270,2093283,288278,91783,338890
2004-09-01 00:00:00,4691090,3401114,4889025,755749,2481861,275083,152919,121752
2004-12-01 00:00:00,4370643,3693495,4440080,928118,2401235,270987,176186,140130
2005-03-01 00:00:00,3160243,2962206,3710028,712713,2226190,261144,145841,325919
2005-06-01 00:00:00,3941147,3609772,4275722,918430,2312163,266535,103532,293742
2005-09-01 00:00:00,3975853,3730744,4547366,734630,2853365,256297,216232,124343
2005-12-01 00:00:00,3329741,3317072,4529215,765847,2568936,223699,177185,136374
2006-03-01 00:00:00,4419741,2957044,3393685,774351,2399396,253190,89855,236759
2006-06-01 00:00:00,3390467,3588011,4316559,856851,2861171,277545,104501,171340
2006-09-01 00:00:00,3252572,3683748,4759255,800291,3051430,288927,129998,245540
2006-12-01 00:00:00,3695526,3821428,5106924,868087,2839913,297019,115251,302256
2007-03-01 00:00:00,3876214,3116530,3793178,723265,2543907,289757,192512,109898
2007-06-01 00:00:00,3175233,3578173,4615427,957027,2695754,258648,180323,196552
2007-09-01 00:00:00,4029981,3835429,4961623,891851,2789798,257703,174566,228216
2007-12-01 00:00:00,3463822,4145368,5561072,882302,3125985,326884,98836,197851
2008-03-01 00:00:00,4222552,3886011,4242036,943874,2638098,260643,96204,129144
2008-06-01 00:00:00,3841470,3569176,5651176,1009531,2950037,300928,77351,226332
2008-09-01 00:00:00,3057314,4232140,4922869,1172228,2802940,275098,105718,426918
2008-12-01 00:00:00,2865718,3920723,3399186,915761,2137232,293329,143153,179996
2009-03-01 00:00:00,2518583,3646812,2663888,853881,2049701,246635,73560,144377
2009-06-01 00:00:00,2641643,3707094,2638835,803498,1948148,314160,132501,248019
2009-09-01 00:00:00,2878109,4256563,3439340,903615,2427204,297329,148507,337583
2009-12-01 00:00:00,3659416,4955447,4154809,1002805,2493909,360752,143571,443105
2010-03-01 00:00:00,4014320,4947387,3033360,887335,3213521,317644,129265,201248
2010-06-01 00:00:00,4442468,5802209,4170482,1008685,3156398,274714,141798,507652
2010-09-01 00:00:00,3621738,6354326,3725722,1037018,2439940,316587,228895,353048
2010-12-01 00:00:00,3954273,5404477,3155569,932171,2504259,313655,171911,615596
2011-03-01 00:00:00,4586689,4685483,2914291,741155,2427306,285511,196875,353530
2011-06-01 00:00:00,3460050,5422340,2832203,925455,2423021,285358,115316,441608
2011-09-01 00:00:00,3792809,5145375,3338821,1028783,2191289,235736,225031,500096
2011-12-01 00:00:00,4562809,5037305,2953810,754349,2362808,265705,200997,451932
2012-03-01 00:00:00,2474557,4541883,2481446,621775,1937393,216843,79600,331271
2012-06-01 00:00:00,3747437,5455850,3186484,691817,2038228,205351,191468,344047
2012-09-01 00:00:00,4977588,5482510,3027346,644648,2558681,225768,291425,496473
2012-12-01 00:00:00,5136994,5337757,3282412,868714,3007548,187486,277936,263317
2013-03-01 00:00:00,4438082,3986094,2723519,629590,2720532,179524,113472,319275
2013-06-01 00:00:00,4555805,4839769,3587491,772603,2759753,205463,180953,648179
2013-09-01 00:00:00,5270786,4144348,3538933,787177,3172031,203008,232083,415351
2013-12-01 00:00:00,5591802,4900131,4260405,1035305,3021257,173961,171106,364986
2014-03-01 00:00:00,5236461,5241790,3139009,926771,3103135,198824,114915,399648
2014-06-01 00:00:00,4362198,5308437,3809153,973325,3308575,222445,184369,317855
2014-09-01 00:00:00,6488057,6226952,5131336,909563,3721595,285661,270389,416664
2014-12-01 00:00:00,6191796,6037457,4145711,1082601,3403911,304219,185277,312833
2015-03-01 00:00:00,5758624,6699952,4359082,748833,3238024,265667,120240,247631
2015-06-01 00:00:00,6287363,6566716,4541722,930208,2808137,343915,139334,536083
2015-09-01 00:00:00,8141177,6215258,5023371,911796,2958344,294127,173734,482480
2015-12-01 00:00:00,7173954,7368166,5457964,962402,2778908,268920,203886,368980
2016-03-01 00:00:00,8848578,6428857,5328267,1110785,2291635,254762,139910,541135
2016-06-01 00:00:00,7508809,6852310,4811553,1109180,2438678,222485,97225,448893
2016-09-01 00:00:00,9560455,6100874,5349370,929838,2488191,226315,100184,337694
2016-12-01 00:00:00,9250636,7142333,4588946,978280,2194403,220110,127236,750152
2017-03-01 00:00:00,7608146,6874600,4329327,842093,2068136,233641,77116,288608
2017-06-01 00:00:00,7839772,6727721,4294578,1245277,2036259,260108,101270,420957
2017-09-01 00:00:00,8387766,7065048,4345104,1252519,2028575,267056,146751,695482
2017-12-01 00:00:00,7757101,7122208,4340396,1133687,2360860,324283,79019,348414
2018-03-01 00:00:00,7815040,9807936,4023329,1382676,1754298,290930,70095,226139
2018-06-01 00:00:00,8461513,8081128,4265697,1158798,1871248,340119,71520,713325
2018-09-01 00:00:00,8755329,6597898,5211022,1061406,2061667,286526,90040,1141482
2018-12-01 00:00:00,8240715,6932752,3672830,1021838,1794952,335369,52053,499847
2019-03-01 00:00:00,5874066,6669748,3290522,881318,1635132,390302,66951,298588
2019-06-01 00:00:00,6272906,7051059,3243218,965820,1775639,315163,62136,514013
2019-09-01 00:00:00,5062337,6696290,4361450,1013980,1692558,291359,67894,334976
2019-12-01 00:00:00,7705662,6104465,3049483,1159501,1561567,378516,59203,618787
2020-03-01 00:00:00,5434640,7163023,3009585,1044785,1671233,338575,40651,591243
2020-06-01 00:00:00,5360609,6721017,3020524,925375,1383224,344139,60015,427923
2020-09-01 00:00:00,6203756,6785048,3738883,1095801,1633644,339682,64545,299406
2020-12-01 00:00:00,6202881,8135221,3983080,1215364,2590630,431744,109306,490355
2021-03-01 00:00:00,6987229,5737204,3757771,1375416,2839927,473103,62388,724331
2021-06-01 00:00:00,8901412,8640291,6053922,1543132,2928325,616625,148438,669190
2021-09-01 00:00:00,8595530,8564670,5399495,1313386,2884189,453304,54598,408855
2021-12-01 00:00:00,5992820,7859771,4181371,1656991,2450280,304075,43669,662661
2022-03-01 00:00:00,5049364,8331127,3654923,1121441,1506806,315605,41049,441649
2022-06-01 00:00:00,6460210,6005537,3889547,1513507,2025417,427331,43511,564487
2022-09-01 00:00:00,6357081,6864798,4964485,1185350,1486955,270781,105467,509372
2022-12-01 00:00:00,5545191,6108946,3514635,1042878,1952674,303605,54256,335509
2023-03-01 00:00:00,5877823,7342220,4282384,990748,1310082,274793,55734,376332
2023-06-01 00:00:00,7695957,5818128,4196214,948991,1640435,357480,62935,321463
2023-09-01 00:00:00,4836389,6407374,3738741,1411593,1638980,271390,72734,617571
2023-12-01 00:00:00,5589720,6493702,4017794,967528,1309068,241608,45318,357573
2024-03-01 00:00:00,5178452,6610125,4043609,1063371,1557784,208165,33812,586572
2024-06-01 00:00:00,5591465,6044414,5151349,1250159,1880854,238368,80265,494569
2024-09-01 00:00:00,6902098,7068121,4739307,1226155,2259667,285063,35253,137798
2024-12-01 00:00:00,6014272,6632368,4735912,1302920,2133662,255711,60725,369587
2025-03-01 00:00:00,6577509,7575847,3973224,1499104,2215002,245743,81048,200633
2025-06-01 00:00:00,6409295,6760636,4865763,1382274,2367384,249599,59325,272111
2025-09-01 00:00:00,6957435,6748836,5956408,1488771,2567197,237543,87823,645519
